<?xml version="1.0" encoding="UTF-8"?>
<project-private xmlns="http://www.netbeans.org/ns/project-private/1">
    <editor-bookmarks xmlns="http://www.netbeans.org/ns/editor-bookmarks/2" lastBookmarkId="0"/>
    <open-files xmlns="http://www.netbeans.org/ns/projectui-open-files/2">
        <group>
            <file>file:/E:/xampp/htdocs/apc/application/views/student_registration.php</file>
            <file>file:/E:/xampp/htdocs/apc/application/views/apcians.php</file>
            <file>file:/E:/xampp/htdocs/apc/application/controllers/User.php</file>
            <file>file:/E:/xampp/htdocs/apc/application/views/valid.php</file>
            <file>file:/E:/xampp/htdocs/apc/application/models/main_model.php</file>
        </group>
    </open-files>
</project-private>
